<?xml version="1.0" encoding="UTF-8"?>
<module>
	<title>Clients</title>
	<name>clients</name>
	<description>Clients module allows you to manage your clients</description>
	<version>1.0.0</version>
	<author>iQDesk</author>
	<primaryNavigationItem>
		<section>listing</section>
		<action>index</action>
	</primaryNavigationItem>
	<sections>
		<section>
			<title>Listing section</title>
			<name>listing</name>
			<description>Clients section provides you the list of registered clients in the system</description>
			<actions>
				<action>
					<title>Listing</title>
					<name>index</name>
				</action>
				<action>
					<title>Create client</title>
					<name>create</name>
				</action>
				<action>
					<title>Update client</title>
					<name>update</name>
				</action>
				<action>
					<title>Delete client</title>
					<name>delete</name>
				</action>				
			</actions>
		</section>
	</sections>
</module>